20100416,IF,20100416,3193.06183267848,58457
20100419,IF,20100419,3225.03485362944,123612
20100420,IF,20100420,3186.02702161793,153419
20100421,IF,20100421,3091.85362007824,121023
20100422,IF,20100422,3104.37846518233,140307
20100423,IF,20100423,3029.50274171508,121963
20100426,IF,20100426,2986.03342796947,116259
20100427,IF,20100427,2986.2889659776,146123
20100428,IF,20100428,2963.12990367733,133791
20100429,IF,20100429,2924.02047792644,121254
20100430,IF,20100430,3035.29422051395,193380
20100504,IF,20100504,2971.68714206674,157571
20100505,IF,20100505,2991.60332729598,153710
20100506,IF,20100506,2960.04453243337,181699
20100507,IF,20100507,2947.74056742159,256676
20100510,IF,20100510,2968.39270408586,218207
20100511,IF,20100511,2930.2149801221,246312
20100512,IF,20100512,3098.25595548692,315025
20100513,IF,20100513,3189.12365869098,255153
20100514,IF,20100514,3241.93275767439,228636
20100517,IF,20100517,3820.28155736564,221841
20100518,IF,20100518,4941.97737370279,306063
20100519,IF,20100519,4949.35792734095,362039
20100520,IF,20100520,4589.2579103571,305072
20100521,IF,20100521,4286.9597773127,317595
20100524,IF,20100524,2912.82486585362,312590
20100525,IF,20100525,2839.31326135055,300900
20100526,IF,20100526,2848.75503498672,339998
20100527,IF,20100527,2919.29976795152,339829
20100528,IF,20100528,2874.28217239655,318732
20100531,IF,20100531,2821.99417201672,350260
20100601,IF,20100601,2792.0437602863,436171
20100602,IF,20100602,2786.73860666665,358266
20100603,IF,20100603,2792.96464398271,358036
20100604,IF,20100604,2772.89622349381,337663
20100607,IF,20100607,2762.63894952549,307258
20100608,IF,20100608,2764.10036622706,241972
20100609,IF,20100609,2941.04682995016,345288
20100610,IF,20100610,2950.07895674162,261058
20100611,IF,20100611,3202.18718912471,215378
20100617,IF,20100617,4691.47321155693,190270
20100618,IF,20100618,4770.57283851126,269428
20100621,IF,20100621,2827.97479537195,291232
20100622,IF,20100622,2768.44881722808,229511
20100623,IF,20100623,2754.99918581357,248831
20100624,IF,20100624,2758.73882744275,308163
20100625,IF,20100625,2731.38334476326,258764
20100628,IF,20100628,2685.94403127757,217347
20100629,IF,20100629,2634.49262739075,311941
20100630,IF,20100630,2571.66943679609,257968
20100701,IF,20100701,2534.89127837553,253058
20100702,IF,20100702,2586.18423665371,384533
20100705,IF,20100705,2573.00863649228,375716
20100706,IF,20100706,2603.90372222494,382806
20100707,IF,20100707,2585.93079985483,331217
20100708,IF,20100708,2604.14401835341,268482
20100709,IF,20100709,2742.43107367722,350454
20100712,IF,20100712,2819.87321615605,318630
20100713,IF,20100713,2933.09433035932,317273
20100714,IF,20100714,3530.88007394467,335984
20100715,IF,20100715,4681.35845872256,478480
20100716,IF,20100716,4670.13777657896,381333
20100719,IF,20100719,2694.67242161649,391254
20100720,IF,20100720,2746.14087595704,402172
20100721,IF,20100721,2726.74119641834,317187
20100722,IF,20100722,2777.42617823802,397593
20100723,IF,20100723,2769.28511501632,336165
20100726,IF,20100726,2768.47442885649,303860
20100727,IF,20100727,2764.11225550929,307294
20100728,IF,20100728,2898.11842001027,368399
20100729,IF,20100729,2866.6536519392,284687
20100730,IF,20100730,2836.54761424501,250345
20100802,IF,20100802,2949.74890338266,302570
20100803,IF,20100803,2912.46884089276,337090
20100804,IF,20100804,2922.23870757608,401463
20100805,IF,20100805,2869.61685529756,333818
20100806,IF,20100806,2965.94738407701,340356
20100809,IF,20100809,2957.61031449671,305499
20100810,IF,20100810,2930.02833146811,346966
20100811,IF,20100811,2950.69727626356,386328
20100812,IF,20100812,2961.67232406377,366922
20100813,IF,20100813,3007.23895089678,329250
20100816,IF,20100816,3250.46442399361,316773
20100817,IF,20100817,3675.45795698517,253767
20100818,IF,20100818,5077.20506449804,295864
20100819,IF,20100819,5301.71503326109,338394
20100820,IF,20100820,5078.72431568971,337115
20100823,IF,20100823,2846.6489999994,258218
20100824,IF,20100824,2906.64219838234,350205
20100825,IF,20100825,2845.59209463975,337714
20100826,IF,20100826,2810.02511721822,279834
20100827,IF,20100827,2819.91166214684,278254
20100830,IF,20100830,2884.25219314634,266601
20100831,IF,20100831,2807.72497929006,202762
20100901,IF,20100901,2866.01575844728,319978
20100902,IF,20100902,2896.12927643389,301104
20100903,IF,20100903,2869.78984780942,272198
20100906,IF,20100906,2938.85002000208,258191
20100907,IF,20100907,2916.07753304136,213412
20100908,IF,20100908,2906.18826755136,199484
20100909,IF,20100909,2944.98403900425,256338
20100910,IF,20100910,2926.95684340091,227948
20100913,IF,20100913,3019.77959352912,222682
20100914,IF,20100914,3193.99736526756,248515
20100915,IF,20100915,3514.84183839822,231849
20100916,IF,20100916,4887.71091760187,302366
20100917,IF,20100917,4967.35714021773,232534
20100920,IF,20100920,2808.67828162376,215963
20100921,IF,20100921,2753.00829308416,168230
20100927,IF,20100927,2804.0304708408,163652
20100928,IF,20100928,2715.25531909075,124338
20100929,IF,20100929,2772.29317130148,142544
20100930,IF,20100930,2903.43200227321,198757
20101008,IF,20101008,3054.65476189534,162251
20101011,IF,20101011,3304.01138346767,234528
20101012,IF,20101012,3430.10318179153,203442
20101013,IF,20101013,3878.64373963896,251094
20101014,IF,20101014,5369.07060127247,240210
20101015,IF,20101015,5898.60382029479,297174
20101018,IF,20101018,3364.6675232848,317550
20101019,IF,20101019,3413.04118304521,323330
20101020,IF,20101020,3506.1048469685,399315
20101021,IF,20101021,3454.15205704445,340089
20101022,IF,20101022,3450.52016429928,307151
20101025,IF,20101025,3581.69581133927,271670
20101026,IF,20101026,3571.49180384955,250801
20101027,IF,20101027,3547.47256736164,321670
20101028,IF,20101028,3523.31490863595,263495
20101029,IF,20101029,3529.55798853928,288874
20101101,IF,20101101,3593.96527993395,244575
20101102,IF,20101102,3637.76465577215,285009
20101103,IF,20101103,3640.01196134554,316126
20101104,IF,20101104,3677.158319262,262780
20101105,IF,20101105,3870.01733110256,237152
20101108,IF,20101108,3997.78317815525,178364
20101109,IF,20101109,4034.21676269876,178743
20101110,IF,20101110,4356.11902599125,196860
20101111,IF,20101111,5211.40073689568,262967
20101112,IF,20101112,5516.88842464255,322056
20101115,IF,20101115,5660.1332669726,250066
20101116,IF,20101116,5577.72446460724,280901
20101117,IF,20101117,5566.64890592636,333507
20101118,IF,20101118,5447.7341233173,254669
20101119,IF,20101119,5396.8527199931,332329
20101122,IF,20101122,3115.73809954248,255584
20101123,IF,20101123,3109.5574863432,296240
20101124,IF,20101124,3186.02127987228,304615
20101125,IF,20101125,3140.30493482815,196712
20101126,IF,20101126,3114.8156205201,215645
20101129,IF,20101129,3105.86221119496,176948
20101130,IF,20101130,3126.6260319926,264939
20101201,IF,20101201,3028.42682739714,183664
20101202,IF,20101202,3047.03695207588,165884
20101203,IF,20101203,3097.55345059263,186801
20101206,IF,20101206,3092.18715644269,176241
20101207,IF,20101207,3207.35212384901,237404
20101208,IF,20101208,3134.79423568478,177577
20101209,IF,20101209,3132.79298788327,203388
20101210,IF,20101210,3182.83312537495,211261
20101213,IF,20101213,3546.4379163993,225302
20101214,IF,20101214,3961.37598029534,151746
20101215,IF,20101215,5205.2095652461,183694
20101216,IF,20101216,5311.50903388186,150634
20101217,IF,20101217,5199.28066950679,155517
20101220,IF,20101220,3167.41039142076,231914
20101221,IF,20101221,3184.07657358899,212149
20101222,IF,20101222,3120.50124245605,182673
20101223,IF,20101223,3137.93599582053,225295
20101224,IF,20101224,3119.8145107603,254832
20101227,IF,20101227,3103.44414522973,272374
20101228,IF,20101228,3005.3453739053,213440
20101229,IF,20101229,2908.64122707472,152974
20101230,IF,20101230,2987.33257771096,194219
20101231,IF,20101231,3077.34057386105,240072
20110104,IF,20110104,3114.02518780281,197547
20110105,IF,20110105,3032.83886742776,151371
20110106,IF,20110106,3111.26772904282,195083
20110107,IF,20110107,3148.42573257813,229108
20110110,IF,20110110,3085.21857511066,196329
20110111,IF,20110111,3047.61784159123,179948
20110112,IF,20110112,3113.67820891896,217577
20110113,IF,20110113,3131.49859430232,213245
20110114,IF,20110114,3149.32453968896,223512
20110117,IF,20110117,3172.43498440457,228665
20110118,IF,20110118,3173.48259872335,166932
20110119,IF,20110119,3748.97806295564,223443
20110120,IF,20110120,5122.67682135822,241601
20110121,IF,20110121,5351.64057084864,341054
20110124,IF,20110124,2980.41232504847,258040
20110125,IF,20110125,2927.59412482048,235440
20110126,IF,20110126,2956.31622806677,221280
20110127,IF,20110127,3071.40553914866,280123
20110128,IF,20110128,3010.57848856181,174644
20110131,IF,20110131,3046.11741732968,163269
20110201,IF,20110201,2960.43808546624,112427
20110209,IF,20110209,3110.07716325735,172141
20110210,IF,20110210,3209.22424118923,197662
20110211,IF,20110211,3299.43482791667,188813
20110214,IF,20110214,3957.30239366893,220159
20110215,IF,20110215,5134.92155455893,192742
20110216,IF,20110216,5469.97674705173,201527
20110217,IF,20110217,5415.93668201041,201044
20110218,IF,20110218,5165.83970967959,203877
20110221,IF,20110221,3158.10841513488,212681
20110222,IF,20110222,3116.38671990395,251207
20110223,IF,20110223,3020.03695743926,181015
20110224,IF,20110224,3068.26710592538,212721
20110225,IF,20110225,3105.35374754466,225156
20110228,IF,20110228,3146.39060009307,213993
20110301,IF,20110301,3136.09368741588,182880
20110302,IF,20110302,3138.93730760847,208519
20110303,IF,20110303,3151.32338702744,236076
20110304,IF,20110304,3176.61575576769,195244
20110307,IF,20110307,3299.24081539713,210345
20110308,IF,20110308,3247.06878611122,161604
20110309,IF,20110309,3289.69997371737,190401
20110310,IF,20110310,3261.90566898867,193598
20110311,IF,20110311,3263.78239067563,185710
20110314,IF,20110314,3359.26999920408,178140
20110315,IF,20110315,3688.19028494164,274136
20110316,IF,20110316,4727.75911839928,184163
20110317,IF,20110317,5457.57083411181,228994
20110318,IF,20110318,5325.11684190725,176017
20110321,IF,20110321,3083.0631427258,190372
20110322,IF,20110322,3122.66121468678,217278
20110323,IF,20110323,3143.94183931798,192070
20110324,IF,20110324,3014.18961480519,130418
20110325,IF,20110325,3152.52084546581,176092
20110328,IF,20110328,3166.78531117751,177950
20110329,IF,20110329,3149.84982711227,198473
20110330,IF,20110330,3138.58643827893,188198
20110331,IF,20110331,3115.02340817179,187459
20110401,IF,20110401,3113.79196063155,161411
20110406,IF,20110406,3226.45178425038,187403
20110407,IF,20110407,3141.91670536945,134280
20110408,IF,20110408,3284.6038225717,169593
20110411,IF,20110411,3326.07687370268,150607
20110412,IF,20110412,3507.97576527501,173194
20110413,IF,20110413,4005.74250540651,182094
20110414,IF,20110414,5404.90763856199,165240
20110415,IF,20110415,5738.20979883177,221686
20110418,IF,20110418,3231.60390589954,178158
20110419,IF,20110419,3207.2325015811,176528
20110420,IF,20110420,3130.48943515072,137275
20110421,IF,20110421,3136.31160562535,148446
20110422,IF,20110422,3103.40103271349,136684
20110425,IF,20110425,3149.52092988148,154643
20110426,IF,20110426,3096.12243397901,141394
20110427,IF,20110427,3075.45754553787,139156
20110428,IF,20110428,3164.88601892896,212259
20110429,IF,20110429,3083.66721503861,152638
20110503,IF,20110503,3099.01229444515,138980
20110504,IF,20110504,3085.99792630371,173430
20110505,IF,20110505,3015.43636095816,134741
20110506,IF,20110506,3111.94293680335,180745
20110509,IF,20110509,3118.98547589816,154966
20110510,IF,20110510,3168.30657743295,168669
20110511,IF,20110511,3238.01342409644,180820
20110512,IF,20110512,3258.06133682377,167320
20110513,IF,20110513,3412.51250913811,188816
20110516,IF,20110516,3571.35892835574,153870
20110517,IF,20110517,4458.88766579084,190707
20110518,IF,20110518,5122.34801977525,159861
20110519,IF,20110519,5019.43927178265,144332
20110520,IF,20110520,4869.12317515274,136698
20110523,IF,20110523,2899.29150281122,169958
20110524,IF,20110524,2798.34339812178,126454
20110525,IF,20110525,2842.40085648009,162638
20110526,IF,20110526,2827.44454767455,159923
20110527,IF,20110527,2882.8787549016,202890
20110530,IF,20110530,2824.05352081312,158954
20110531,IF,20110531,2835.56462947505,158269
20110601,IF,20110601,2779.31053260632,119675
20110602,IF,20110602,2875.68052504648,192662
20110603,IF,20110603,2858.88723292826,152626
20110607,IF,20110607,2864.93952217462,135721
20110608,IF,20110608,2941.11918150726,175368
20110609,IF,20110609,2932.70092526019,182339
20110610,IF,20110610,2955.46472000277,182322
20110613,IF,20110613,3008.6857557073,177488
20110614,IF,20110614,3224.12302624295,179355
20110615,IF,20110615,3608.86071260507,150865
20110616,IF,20110616,4786.08392031952,173435
20110617,IF,20110617,4843.5295461293,157832
20110620,IF,20110620,2739.06098313306,153147
20110621,IF,20110621,2755.23802511659,155275
20110622,IF,20110622,2764.56595623002,153937
20110623,IF,20110623,2883.86615255896,218811
20110624,IF,20110624,2995.95868353968,246389
20110627,IF,20110627,2950.74143400089,187849
20110628,IF,20110628,2924.10469871317,180865
20110629,IF,20110629,2913.08228733994,187749
20110630,IF,20110630,2968.39576974099,211249
20110701,IF,20110701,2996.1986696807,201880
20110704,IF,20110704,3064.06454496562,195755
20110705,IF,20110705,2935.76275316944,131061
20110706,IF,20110706,2990.77030612649,159098
20110707,IF,20110707,3091.75181372954,225974
20110708,IF,20110708,3082.70346941385,208389
20110711,IF,20110711,3107.31954878144,171964
20110712,IF,20110712,3190.26673895779,171435
20110713,IF,20110713,3579.9374145118,181422
20110714,IF,20110714,4894.08213932238,167659
20110715,IF,20110715,5235.27603982266,177418
20110718,IF,20110718,2938.13467833425,139255
20110719,IF,20110719,2887.09544932185,132266
20110720,IF,20110720,2924.48134360585,153161
20110721,IF,20110721,2926.67573139419,169879
20110722,IF,20110722,2887.07403795981,134465
20110725,IF,20110725,2865.83740524708,153481
20110726,IF,20110726,2692.23456164381,97551
20110727,IF,20110727,2876.21243043121,172424
20110728,IF,20110728,2819.58880599339,142678
20110729,IF,20110729,2899.44657824797,183651
20110801,IF,20110801,2806.32973298105,130142
20110802,IF,20110802,2888.71560292855,172174
20110803,IF,20110803,2834.75032027844,156861
20110804,IF,20110804,2794.32719232228,123178
20110805,IF,20110805,2840.23364924153,158581
20110808,IF,20110808,2887.82174877182,244612
20110809,IF,20110809,2935.25939643119,280528
20110810,IF,20110810,2919.07994408216,190563
20110811,IF,20110811,3080.51785860001,274612
20110812,IF,20110812,3106.34875230573,185164
20110815,IF,20110815,3380.18462564906,174558
20110816,IF,20110816,4295.23059502402,159841
20110817,IF,20110817,4843.96083902568,184048
20110818,IF,20110818,4758.47438002838,180265
20110819,IF,20110819,4609.47916669239,192483
20110822,IF,20110822,2681.31859803707,208179
20110823,IF,20110823,2725.59262846148,215612
20110824,IF,20110824,2690.5305288776,191132
20110825,IF,20110825,2856.63921653228,274274
20110826,IF,20110826,2808.37791036363,214462
20110829,IF,20110829,2761.42044139114,211451
20110830,IF,20110830,2800.66259289448,248682
20110831,IF,20110831,2763.21169537103,221274
20110901,IF,20110901,2777.856260459,242565
20110902,IF,20110902,2754.18443198275,229211
20110905,IF,20110905,2711.77678686661,192650
20110906,IF,20110906,2691.85557907765,207717
20110907,IF,20110907,2760.48838662277,234545
20110908,IF,20110908,2720.68645691718,182297
20110909,IF,20110909,2796.55713920832,259121
20110913,IF,20110913,2839.74255517887,185366
20110914,IF,20110914,3332.17165834346,281416
20110915,IF,20110915,4529.6306326256,262282
20110916,IF,20110916,4699.75123841256,207687
20110919,IF,20110919,2545.86523786255,152493
20110920,IF,20110920,2599.20839494191,200770
20110921,IF,20110921,2731.94918797964,285138
20110922,IF,20110922,2635.47810031611,231648
20110923,IF,20110923,2661.61945017149,317714
20110926,IF,20110926,2592.19567180008,279331
20110927,IF,20110927,2616.12368480911,258919
20110928,IF,20110928,2565.0560393961,233314
20110929,IF,20110929,2575.89961894525,264654
20110930,IF,20110930,2547.06649420682,201915
20111010,IF,20111010,2542.45494490519,167565
20111011,IF,20111011,2619.65562331365,254445
20111012,IF,20111012,2782.02709471965,363812
20111013,IF,20111013,2816.10562371548,277816
20111014,IF,20111014,2871.73696787654,246961
20111017,IF,20111017,3055.55360129241,245909
20111018,IF,20111018,3270.79237224889,218165
20111019,IF,20111019,4360.16145099504,274273
20111020,IF,20111020,4475.72992842785,259182
20111021,IF,20111021,4385.10627823113,246362
20111024,IF,20111024,2572.1768064967,304890
20111025,IF,20111025,2635.82929093962,307812
20111026,IF,20111026,2668.98127890686,294074
20111027,IF,20111027,2640.0382536467,219410
20111028,IF,20111028,2712.46495284212,267237
20111031,IF,20111031,2644.64249041649,184750
20111101,IF,20111101,2705.18656664384,274962
20111102,IF,20111102,2766.49239154158,305370
20111103,IF,20111103,2788.48383709014,276639
20111104,IF,20111104,2804.04673986995,278560
20111107,IF,20111107,2717.48461266786,202558
20111108,IF,20111108,2741.21759972575,237624
20111109,IF,20111109,2796.6992261689,265151
20111110,IF,20111110,2793.89508966443,245717
20111111,IF,20111111,2786.70959121553,180419
20111114,IF,20111114,3028.81781439928,230615
20111115,IF,20111115,3238.98209178984,168734
20111116,IF,20111116,4327.43829486456,241671
20111117,IF,20111117,4554.16391834288,188826
20111118,IF,20111118,4501.03807045251,229563
20111121,IF,20111121,2465.35099580804,143056
20111122,IF,20111122,2547.69756112901,232600
20111123,IF,20111123,2512.05789659175,219034
20111124,IF,20111124,2517.47702761471,241913
20111125,IF,20111125,2464.15171587467,175163
20111128,IF,20111128,2496.93998082913,193723
20111129,IF,20111129,2530.58159187314,207729
20111130,IF,20111130,2482.83443108414,224905
20111201,IF,20111201,2593.37935300283,317064
20111202,IF,20111202,2523.01235972295,260280
20111205,IF,20111205,2522.90730367204,274294
20111206,IF,20111206,2491.29632258014,211263
20111207,IF,20111207,2517.50980598184,231083
20111208,IF,20111208,2573.64080492513,302395
20111209,IF,20111209,2516.7603367491,219154
20111212,IF,20111212,2554.6550391214,187534
20111213,IF,20111213,2680.92298823484,231636
20111214,IF,20111214,2935.32183313179,214049
20111215,IF,20111215,3890.10312921458,364304
20111216,IF,20111216,4261.96219723563,293813
20111219,IF,20111219,2379.66814969727,352820
20111220,IF,20111220,2349.53129991319,302603
20111221,IF,20111221,2329.85980242477,302094
20111222,IF,20111222,2354.14064664043,420024
20111223,IF,20111223,2342.72017998418,366637
20111226,IF,20111226,2312.24566045831,311746
20111227,IF,20111227,2295.31225353268,310312
20111228,IF,20111228,2306.18474655888,319823
20111229,IF,20111229,2286.04075020669,273997
20111230,IF,20111230,2325.76782521797,273243
20120104,IF,20120104,2296.03513945794,234410
20120105,IF,20120105,2313.82015361037,334417
20120106,IF,20120106,2290.5102834646,285689
20120109,IF,20120109,2433.11524753604,413995
20120110,IF,20120110,2562.22756703211,404292
20120111,IF,20120111,2544.08087982686,319027
20120112,IF,20120112,2569.6301806231,351138
20120113,IF,20120113,2598.36684041658,372250
20120116,IF,20120116,2679.81843146637,341922
20120117,IF,20120117,3192.71532790405,512318
20120118,IF,20120118,4198.63352017295,426166
20120119,IF,20120119,4605.98654383475,530627
20120120,IF,20120120,4509.01191298185,379075
20120130,IF,20120130,2492.80255847313,318967
20120131,IF,20120131,2474.67256711131,317323
20120201,IF,20120201,2463.57994130451,339102
20120202,IF,20120202,2530.78608987353,415243
20120203,IF,20120203,2582.44484885647,366434
20120206,IF,20120206,2567.71265840615,330985
20120207,IF,20120207,2552.61397747869,350531
20120208,IF,20120208,2686.16388973173,423570
20120209,IF,20120209,2697.60042847978,413397
20120210,IF,20120210,2749.27303128054,457814
20120213,IF,20120213,2907.77982150596,437987
20120214,IF,20120214,3145.04063660658,404899
20120215,IF,20120215,4341.77667141038,429078
20120216,IF,20120216,4575.38226604624,362573
20120217,IF,20120217,4529.5280172627,386330
20120220,IF,20120220,2528.58691820854,307004
20120221,IF,20120221,2535.78041929316,372649
20120222,IF,20120222,2592.38536195927,378227
20120223,IF,20120223,2591.47051367982,339360
20120224,IF,20120224,2651.24911937806,382316
20120227,IF,20120227,2700.29249221118,357560
20120228,IF,20120228,2685.41693711466,341959
20120229,IF,20120229,2640.09686136802,339534
20120301,IF,20120301,2634.66532808621,288436
20120302,IF,20120302,2690.24854322441,365035
20120305,IF,20120305,2661.789435231,270282
20120306,IF,20120306,2655.82813289721,326480
20120307,IF,20120307,2631.82013550682,304262
20120308,IF,20120308,2664.01999692816,356482
20120309,IF,20120309,2720.80493273163,347712
20120312,IF,20120312,2757.77607871009,283169
20120313,IF,20120313,3009.72382707409,329797
20120314,IF,20120314,3997.10169686878,429709
20120315,IF,20120315,4673.96333657889,380276
20120316,IF,20120316,4733.75813274814,392388
20120319,IF,20120319,2588.32007810917,288085
20120320,IF,20120320,2577.7650956444,328240
20120321,IF,20120321,2590.36193341021,369548
20120322,IF,20120322,2577.9741588097,317756
20120323,IF,20120323,2552.55971408425,299326
20120326,IF,20120326,2503.36262429254,199407
20120327,IF,20120327,2523.28390828964,216620
20120328,IF,20120328,2497.18342227892,305029
20120329,IF,20120329,2497.11342800195,332727
20120330,IF,20120330,2442.00630775548,268090
20120405,IF,20120405,2565.24874223697,380018
20120406,IF,20120406,2538.45819424424,296186
20120409,IF,20120409,2573.13141964025,346229
20120410,IF,20120410,2613.99623601615,423446
20120411,IF,20120411,2678.53233795181,450550
20120412,IF,20120412,2783.41441775776,417127
20120413,IF,20120413,2898.00297915364,366521
20120416,IF,20120416,2993.07821090299,333696
20120417,IF,20120417,3301.70250711579,361361
20120418,IF,20120418,4529.81570652007,377100
20120419,IF,20120419,4642.93983216946,288119
20120420,IF,20120420,4634.48819810688,352984
20120423,IF,20120423,2595.22584632358,259398
20120424,IF,20120424,2667.1935590403,453304
20120425,IF,20120425,2647.06674177529,381401
20120426,IF,20120426,2644.6733800009,316751
20120427,IF,20120427,2627.10930865322,258349
20120502,IF,20120502,2752.88945050267,315040
20120503,IF,20120503,2670.74933493542,208928
20120504,IF,20120504,2776.46747774656,341435
20120507,IF,20120507,2788.99961701015,264367
20120508,IF,20120508,2834.68992108641,378048
20120509,IF,20120509,2810.77937095934,317576
20120510,IF,20120510,2832.92500724226,264357
20120511,IF,20120511,2865.17180153699,343666
20120514,IF,20120514,3100.44358154937,408177
20120515,IF,20120515,3603.97191914852,313984
20120516,IF,20120516,4419.67986366609,341574
20120517,IF,20120517,4665.40283029942,315786
20120518,IF,20120518,4632.15101135855,344994
20120521,IF,20120521,2594.44467939427,382062
20120522,IF,20120522,2599.88544940622,317783
20120523,IF,20120523,2592.38278382516,363419
20120524,IF,20120524,2583.40545261854,381864
20120525,IF,20120525,2570.36899057638,314010
20120528,IF,20120528,2637.39921085734,333845
20120529,IF,20120529,2735.34056897961,370396
20120530,IF,20120530,2655.12634632939,265067
20120531,IF,20120531,2668.44813838556,321035
20120601,IF,20120601,2699.05143599631,407856
20120604,IF,20120604,2665.21038935479,337515
20120605,IF,20120605,2615.35555348285,299759
20120606,IF,20120606,2638.79427805985,383924
20120607,IF,20120607,2674.3750162333,344519
20120608,IF,20120608,2698.1796286001,443799
20120611,IF,20120611,2891.1221432543,407391
20120612,IF,20120612,3089.5145634322,366745
20120613,IF,20120613,4242.40660840115,427859
20120614,IF,20120614,4574.92742073446,342899
20120615,IF,20120615,4647.71897828004,438280
20120618,IF,20120618,2549.1800399385,370251
20120619,IF,20120619,2513.43963960185,298035
20120620,IF,20120620,2527.63673436996,312071
20120621,IF,20120621,2489.92397790489,349152
20120625,IF,20120625,2453.22738447174,279294
20120626,IF,20120626,2435.14450110967,323826
20120627,IF,20120627,2433.98268826383,298251
20120628,IF,20120628,2436.10132055037,332740
20120629,IF,20120629,2469.22556436669,374925
20120702,IF,20120702,2477.65262212151,336713
20120703,IF,20120703,2511.43547241387,417834
20120704,IF,20120704,2495.08851092816,414001
20120705,IF,20120705,2481.28474935759,393560
20120706,IF,20120706,2545.99460993205,498818
20120709,IF,20120709,2544.43925841256,389900
20120710,IF,20120710,2492.13355257534,354561
20120711,IF,20120711,2510.18115569998,416553
20120712,IF,20120712,2608.33731487993,574219
20120713,IF,20120713,2642.19716053426,462616
20120716,IF,20120716,2732.51944564248,410927
20120717,IF,20120717,2881.53523334196,345624
20120718,IF,20120718,4024.654055362,538879
20120719,IF,20120719,4473.42613044925,509950
20120720,IF,20120720,4418.95487389723,393533
20120723,IF,20120723,2383.53654190356,323611
20120724,IF,20120724,2388.19481451692,382759
20120725,IF,20120725,2372.42762986563,360716
20120726,IF,20120726,2387.92170169755,398290
20120727,IF,20120727,2372.94723853972,335669
20120730,IF,20120730,2376.65621195419,348383
20120731,IF,20120731,2352.30613994523,281810
20120801,IF,20120801,2383.48250970286,353141
20120802,IF,20120802,2365.49197039803,320906
20120803,IF,20120803,2383.37679673535,316772
20120806,IF,20120806,2451.59026935651,410283
20120807,IF,20120807,2418.95897353758,256746
20120808,IF,20120808,2470.42140886909,299579
20120809,IF,20120809,2549.05276544812,431167
20120810,IF,20120810,2525.57561149284,269865
20120813,IF,20120813,2626.17075247506,303892
20120814,IF,20120814,2799.78462875763,423817
20120815,IF,20120815,3506.7262400632,376490
20120816,IF,20120816,4106.42165298046,291166
20120817,IF,20120817,4195.11392078089,334132
20120820,IF,20120820,2293.22604170032,305640
20120821,IF,20120821,2320.62981483662,427409
20120822,IF,20120822,2276.20649179966,303454
20120823,IF,20120823,2315.00373440564,449426
20120824,IF,20120824,2265.94936173528,313130
20120827,IF,20120827,2251.54821911703,326166
20120828,IF,20120828,2258.04252253047,341606
20120829,IF,20120829,2231.19471341636,378798
20120830,IF,20120830,2227.7032686408,430735
20120831,IF,20120831,2212.56574117272,363800
20120903,IF,20120903,2263.22898729297,456305
20120904,IF,20120904,2208.43371548827,333756
20120905,IF,20120905,2208.6426803458,369420
20120906,IF,20120906,2247.98708445468,468734
20120907,IF,20120907,2423.82290888776,764040
20120910,IF,20120910,2451.35646094732,438846
20120911,IF,20120911,2460.0414339057,515715
20120912,IF,20120912,2542.79063997259,587437
20120913,IF,20120913,2568.78035502201,592958
20120914,IF,20120914,2706.27530271642,720252
20120917,IF,20120917,2795.70019575014,529239
20120918,IF,20120918,3201.84145427067,490812
20120919,IF,20120919,3911.90816511664,484399
20120920,IF,20120920,4032.16269313327,514218
20120921,IF,20120921,4139.75633385183,596583
20120924,IF,20120924,2244.44284091995,651513
20120925,IF,20120925,2228.48310552907,510450
20120926,IF,20120926,2200.12821484547,479701
20120927,IF,20120927,2308.76635886475,756469
20120928,IF,20120928,2356.83473998095,752956
20121008,IF,20121008,2358.07604239731,476256
20121009,IF,20121009,2434.91824853922,730920
20121010,IF,20121010,2391.4647482713,525865
20121011,IF,20121011,2406.58860575704,534790
20121012,IF,20121012,2438.21530052156,662601
20121015,IF,20121015,2527.04541267245,511266
20121016,IF,20121016,2650.18551665635,647783
20121017,IF,20121017,3041.53346405097,711447
20121018,IF,20121018,4076.27806815274,693929
20121019,IF,20121019,4290.13796287304,345019
20121022,IF,20121022,2392.25343497701,435535
20121023,IF,20121023,2375.2941765165,470149
20121024,IF,20121024,2353.9799862572,470438
20121025,IF,20121025,2341.89936857081,471001
20121026,IF,20121026,2304.08301309475,531788
20121029,IF,20121029,2265.24538035706,348999
20121030,IF,20121030,2276.61644983235,501477
20121031,IF,20121031,2295.55554741488,503290
20121101,IF,20121101,2392.40109584383,621358
20121102,IF,20121102,2382.96623525907,466928
20121105,IF,20121105,2392.59149749269,529364
20121106,IF,20121106,2402.9657064294,596177
20121107,IF,20121107,2413.47646344816,635375
20121108,IF,20121108,2393.21313186898,576446
20121109,IF,20121109,2371.96260746041,432469
20121112,IF,20121112,2482.15483967162,542402
20121113,IF,20121113,2563.79394541679,544267
20121114,IF,20121114,2896.17743079083,417877
20121115,IF,20121115,3804.5032271188,663331
20121116,IF,20121116,4016.59635976487,567654
20121119,IF,20121119,2181.78441109923,509660
20121120,IF,20121120,2170.234240008,481799
20121121,IF,20121121,2211.66906443198,733832
20121122,IF,20121122,2192.90483273958,535500
20121123,IF,20121123,2218.83495295814,637025
20121126,IF,20121126,2188.54550111065,486378
20121127,IF,20121127,2170.6911762928,449836
20121128,IF,20121128,2148.25578477881,399060
20121129,IF,20121129,2142.63060725099,395096
20121130,IF,20121130,2169.51589635556,597572
20121203,IF,20121203,2165.35532730165,585161
20121204,IF,20121204,2177.28127992325,598575
20121205,IF,20121205,2296.39809906493,856917
20121206,IF,20121206,2269.01744297186,560819
20121207,IF,20121207,2351.55629607411,810380
20121210,IF,20121210,2406.83261309227,685272
20121211,IF,20121211,2401.66694215644,540428
20121212,IF,20121212,2440.023731985,653648
20121213,IF,20121213,2468.70376528614,605573
20121214,IF,20121214,2742.72746167868,992370
20121217,IF,20121217,2998.13358185057,605907
20121218,IF,20121218,3854.43669055733,973730
20121219,IF,20121219,4317.91958190343,728369
20121220,IF,20121220,4502.04424287553,786084
20121221,IF,20121221,4539.49182854488,890857
20121224,IF,20121224,2431.02323086336,697559
20121225,IF,20121225,2524.69288401719,902626
20121226,IF,20121226,2468.82170459874,429400
20121227,IF,20121227,2511.89012060195,636113
20121228,IF,20121228,2532.97856877678,684150
20121231,IF,20121231,2606.82981406229,629011
20130104,IF,20130104,2645.67600905632,607696
20130107,IF,20130107,2603.16936953616,641934
20130108,IF,20130108,2617.85352977452,766882
20130109,IF,20130109,2612.31243050157,663362
20130110,IF,20130110,2640.9384274216,768572
20130111,IF,20130111,2638.1047813023,842615
20130114,IF,20130114,2901.12406317364,855692
20130115,IF,20130115,3212.63713780671,590508
20130116,IF,20130116,3990.86439183254,835268
20130117,IF,20130117,4780.23648687779,867193
20130118,IF,20130118,5058.50326477635,932226
20130121,IF,20130121,2758.66896947052,696653
20130122,IF,20130122,2755.10621656641,837908
20130123,IF,20130123,2749.92921459121,747295
20130124,IF,20130124,2783.58150080526,1043749
20130125,IF,20130125,2708.81191685583,547349
20130128,IF,20130128,2825.52190683742,823517
20130129,IF,20130129,2825.54152824358,630317
20130130,IF,20130130,2860.32308941263,662600
20130131,IF,20130131,2914.66764618818,680921
20130201,IF,20130201,3074.48226902562,926505
20130204,IF,20130204,3174.43824096114,690018
20130205,IF,20130205,3475.47823555943,822896
20130206,IF,20130206,4139.54745654308,581070
20130207,IF,20130207,4819.41596193275,832993
20130208,IF,20130208,5162.34071816429,722844
20130218,IF,20130218,5158.48211930254,663051
20130219,IF,20130219,2779.00357489969,674598
20130220,IF,20130220,2751.9201436364,565419
20130221,IF,20130221,2700.12288147341,806615
20130222,IF,20130222,2620.61688041331,463622
20130225,IF,20130225,2689.80389562198,756908
20130226,IF,20130226,2662.18907112398,860727
20130227,IF,20130227,2686.77381922265,919725
20130228,IF,20130228,2769.005702785,920037
20130301,IF,20130301,2754.35694402145,772484
20130304,IF,20130304,2674.26204902856,908282
20130305,IF,20130305,2730.08378775554,963692
20130306,IF,20130306,2785.42945739914,898125
20130307,IF,20130307,2777.79560670807,983542
20130308,IF,20130308,2769.7253558283,818609
20130311,IF,20130311,2852.21117149614,811962
20130312,IF,20130312,2948.48830406458,1026553
20130313,IF,20130313,3203.31839735387,852822
20130314,IF,20130314,4309.10253890178,867023
20130315,IF,20130315,4907.21410064129,1204369
20130318,IF,20130318,2588.37144830503,821587
20130319,IF,20130319,2604.7712470717,845577
20130320,IF,20130320,2705.62761897672,1079584
20130321,IF,20130321,2719.89192144673,685049
20130322,IF,20130322,2716.18252785232,739176
20130325,IF,20130325,2727.0563636482,777107
20130326,IF,20130326,2683.97164148965,858680
20130327,IF,20130327,2671.2522934271,897685
20130328,IF,20130328,2621.95615877538,781159
20130329,IF,20130329,2589.19072751125,637590
20130401,IF,20130401,2573.48420217287,722143
20130402,IF,20130402,2600.74621473255,949990
20130403,IF,20130403,2592.53146679384,825856
20130408,IF,20130408,2605.33349261698,705962
20130409,IF,20130409,2644.11414822795,889684
20130410,IF,20130410,2616.75994387785,708549
20130411,IF,20130411,2635.10261938499,720085
20130412,IF,20130412,2621.27302429364,629459
20130415,IF,20130415,2674.49002162876,688354
20130416,IF,20130416,2860.30171842668,818870
20130417,IF,20130417,3165.52781176671,762773
20130418,IF,20130418,4412.29860604105,1000268
20130419,IF,20130419,4973.39561701187,1012882
20130422,IF,20130422,2693.6901340351,515383
20130423,IF,20130423,2637.99845096751,751583
20130424,IF,20130424,2680.53982813915,895579
20130425,IF,20130425,2652.61471160602,1035481
20130426,IF,20130426,2627.1346356322,793122
20130502,IF,20130502,2605.6873125053,601101
20130503,IF,20130503,2714.49008905636,912766
20130506,IF,20130506,2757.27946032593,790583
20130507,IF,20130507,2753.95403826268,746284
20130508,IF,20130508,2843.45700233312,815428
20130509,IF,20130509,2826.66909228997,747664
20130510,IF,20130510,2931.12906340309,873788
20130513,IF,20130513,3118.05965693388,794274
20130514,IF,20130514,3390.4376667431,857756
20130515,IF,20130515,4186.45070392889,666833
20130516,IF,20130516,4703.24522164179,997594
20130517,IF,20130517,4877.24309016797,819181
20130520,IF,20130520,2661.36079645851,724892
20130521,IF,20130521,2646.69432520502,604189
20130522,IF,20130522,2660.42985259257,748802
20130523,IF,20130523,2641.1825541503,841468
20130524,IF,20130524,2672.09901684137,888352
20130527,IF,20130527,2650.88122862794,663920
20130528,IF,20130528,2704.29013731175,848537
20130529,IF,20130529,2713.77577538932,630863
20130530,IF,20130530,2698.03238855456,617115
20130531,IF,20130531,2682.02226355404,694425
20130603,IF,20130603,2688.07200579541,611780
20130604,IF,20130604,2656.01944282778,707620
20130605,IF,20130605,2619.24159861996,493738
20130606,IF,20130606,2637.49511210434,615101
20130607,IF,20130607,2623.96961769634,652474
20130613,IF,20130613,2639.293423597,648109
20130614,IF,20130614,2673.83767735845,517593
20130617,IF,20130617,2772.76424198504,621637
20130618,IF,20130618,2993.73665677122,708485
20130619,IF,20130619,3653.61954031364,869478
20130620,IF,20130620,4256.02294181982,754667
20130621,IF,20130621,4398.49665613053,849483
20130624,IF,20130624,2240.40577202133,935915
20130625,IF,20130625,2225.19404309135,1337553
20130626,IF,20130626,2191.59296015828,996538
20130627,IF,20130627,2204.03631143517,1102171
20130628,IF,20130628,2244.28944893203,1322503
20130701,IF,20130701,2243.431465684,977291
20130702,IF,20130702,2236.3941413299,930743
20130703,IF,20130703,2234.82975855919,982652
20130704,IF,20130704,2266.97503740915,1180773
20130705,IF,20130705,2261.3012565134,926566
20130708,IF,20130708,2240.5933320483,929096
20130709,IF,20130709,2225.74513315753,678571
20130710,IF,20130710,2305.8527996979,1096492
20130711,IF,20130711,2546.33149976278,1313985
20130712,IF,20130712,2509.55396062264,875435
20130715,IF,20130715,2611.39472924507,1093067
20130716,IF,20130716,2703.18752749755,1020125
20130717,IF,20130717,3085.49890112295,1097617
20130718,IF,20130718,4020.28638147243,1006781
20130719,IF,20130719,4250.81692663033,1049219
20130722,IF,20130722,2260.5716364049,898917
20130723,IF,20130723,2371.28886802425,1204349
20130724,IF,20130724,2361.99313634258,1051080
20130725,IF,20130725,2360.45743894281,1198744
20130726,IF,20130726,2304.70629738754,935418
20130729,IF,20130729,2263.09267634192,815660
20130730,IF,20130730,2282.2579293718,1003483
20130731,IF,20130731,2283.4516921918,945563
20130801,IF,20130801,2358.7142011892,1200353
20130802,IF,20130802,2365.06499341031,920804
20130805,IF,20130805,2405.86238058757,899497
20130806,IF,20130806,2440.22196823176,961199
20130807,IF,20130807,2430.84466967021,1055162
20130808,IF,20130808,2436.74339193845,924600
20130809,IF,20130809,2480.59591351313,1091657
20130812,IF,20130812,2662.26981706751,1077729
20130813,IF,20130813,2779.08345599557,754814
20130814,IF,20130814,3739.57482837761,991855
20130815,IF,20130815,4269.77264659851,868098
20130816,IF,20130816,4456.25599589342,1326913
20130819,IF,20130819,2379.9560118319,921573
20130820,IF,20130820,2345.42969963747,929673
20130821,IF,20130821,2340.75762214677,930937
20130822,IF,20130822,2339.74566866338,874646
20130823,IF,20130823,2333.85826993833,913970
20130826,IF,20130826,2385.07837312529,953121
20130827,IF,20130827,2375.82004788626,688734
20130828,IF,20130828,2386.60412368155,967653
20130829,IF,20130829,2373.77113725809,916694
20130830,IF,20130830,2352.07546615788,938781
20130902,IF,20130902,2370.3504836656,839904
20130903,IF,20130903,2413.3487704833,878692
20130904,IF,20130904,2372.97844117798,535241
20130905,IF,20130905,2380.07312242792,617209
20130906,IF,20130906,2413.67958457342,720071
20130909,IF,20130909,2571.88995466696,928504
20130910,IF,20130910,2592.15260502737,684927
20130911,IF,20130911,2637.47918439716,739077
20130912,IF,20130912,2714.87391554615,890519
20130913,IF,20130913,2746.85404157603,689862
20130916,IF,20130916,3001.84185216501,770604
20130917,IF,20130917,3515.6107637148,829922
20130918,IF,20130918,4306.69124544183,800581
20130923,IF,20130923,4687.80819931666,813382
20130924,IF,20130924,2502.51665893761,799941
20130925,IF,20130925,2478.4381868206,710492
20130926,IF,20130926,2454.89338148116,810367
20130927,IF,20130927,2435.26415260167,582556
20130930,IF,20130930,2451.95338474401,495506
20131008,IF,20131008,2526.36403564312,641189
20131009,IF,20131009,2521.7157143872,570183
20131010,IF,20131010,2515.85119404216,745153
20131011,IF,20131011,2589.53849405687,866948
20131014,IF,20131014,2638.9883652384,653213
20131015,IF,20131015,2689.98658031622,633128
20131016,IF,20131016,2895.46578041009,820701
20131017,IF,20131017,3785.98375488502,714783
20131018,IF,20131018,4585.320160669,760933
20131021,IF,20131021,2566.94973235825,740582
20131022,IF,20131022,2524.05140322653,640700
20131023,IF,20131023,2519.01759741853,887265
20131024,IF,20131024,2496.29319051316,780437
20131025,IF,20131025,2455.96922847339,857884
20131028,IF,20131028,2449.26950510057,631834
20131029,IF,20131029,2487.19646160287,1059940
20131030,IF,20131030,2513.79986301736,866154
20131031,IF,20131031,2487.2948425344,752985
20131101,IF,20131101,2497.00400134158,722558
20131104,IF,20131104,2499.01299395513,638493
20131105,IF,20131105,2509.90796266422,771418
20131106,IF,20131106,2493.92046264281,712345
20131107,IF,20131107,2484.95227796759,751248
20131108,IF,20131108,2484.46064157955,783484
20131111,IF,20131111,2557.24674332643,725256
20131112,IF,20131112,2683.59988442807,795933
20131113,IF,20131113,2963.2985463685,782279
20131114,IF,20131114,3831.16517032693,750410
20131115,IF,20131115,4429.40024429623,1011567
20131118,IF,20131118,2457.87202652969,946812
20131119,IF,20131119,2443.09861220326,586146
20131120,IF,20131120,2469.44926642621,741724
20131121,IF,20131121,2457.2162945927,770911
20131122,IF,20131122,2451.218236218,764274
20131125,IF,20131125,2448.56335195123,764218
20131126,IF,20131126,2436.64115936678,688222
20131127,IF,20131127,2481.99941231205,847801
20131128,IF,20131128,2535.79602479507,876567
20131129,IF,20131129,2488.793197569,529621
20131202,IF,20131202,2558.42623223504,985472
20131203,IF,20131203,2544.23516694493,719417
20131204,IF,20131204,2596.89016730665,895647
20131205,IF,20131205,2559.97259214989,576587
20131206,IF,20131206,2553.11777085668,628075
20131209,IF,20131209,2575.08414157987,573091
20131210,IF,20131210,2579.23523518191,651832
20131211,IF,20131211,2573.76756059553,638686
20131212,IF,20131212,2542.67795995999,510861
20131213,IF,20131213,2612.0752146931,695480
20131216,IF,20131216,2711.90192288062,703434
20131217,IF,20131217,2814.31064460454,591114
20131218,IF,20131218,3058.34270834687,535835
20131219,IF,20131219,4007.33402803625,767393
20131220,IF,20131220,4342.80171526211,873942
20131223,IF,20131223,2345.51072248734,696630
20131224,IF,20131224,2345.16773875811,790809
20131225,IF,20131225,2359.98241198623,746495
20131226,IF,20131226,2336.02214708849,702808
20131227,IF,20131227,2398.282637311,916360
20131230,IF,20131230,2382.33411063141,590553
20131231,IF,20131231,2419.24569807338,850624
20140102,IF,20140102,2382.79387833469,542528
20140103,IF,20140103,2360.06310902787,625123
20140106,IF,20140106,2330.87687666307,676271
20140107,IF,20140107,2323.7889203443,659960
20140108,IF,20140108,2330.25538942655,762650
20140109,IF,20140109,2331.82690767632,759213
20140110,IF,20140110,2315.92417914075,728881
20140113,IF,20140113,2350.64610550421,678375
20140114,IF,20140114,2420.05364734231,742917
20140115,IF,20140115,2545.68523094365,615602
20140116,IF,20140116,3047.03233088715,793503
20140117,IF,20140117,4098.51054233321,791879
20140120,IF,20140120,2285.45031025175,607298
20140121,IF,20140121,2297.32106294126,687310
20140122,IF,20140122,2376.52044026283,787382
20140123,IF,20140123,2341.80663915558,552830
20140124,IF,20140124,2366.56510255152,753876
20140127,IF,20140127,2340.77848177102,566091
20140128,IF,20140128,2342.41478076256,608898
20140129,IF,20140129,2328.81462558073,495809
20140130,IF,20140130,2324.04610407758,462439
20140207,IF,20140207,2348.75160002584,498082
20140210,IF,20140210,2463.09313491639,653038
20140211,IF,20140211,2487.66964896187,670501
20140212,IF,20140212,2506.39846155574,538610
20140213,IF,20140213,2560.19050596244,575544
20140214,IF,20140214,2622.57615063598,550480
20140217,IF,20140217,2831.27386130531,645696
20140218,IF,20140218,3244.0623842696,579841
20140219,IF,20140219,3885.8427668298,745556
20140220,IF,20140220,4192.12984104399,770989
20140221,IF,20140221,4246.420415849,609925
20140224,IF,20140224,2248.04406960716,663675
20140225,IF,20140225,2209.37521306737,723201
20140226,IF,20140226,2201.50951450011,701708
20140227,IF,20140227,2190.43641276822,800030
20140228,IF,20140228,2216.36344455679,870301
20140303,IF,20140303,2223.79715141265,714932
20140304,IF,20140304,2228.37638775077,770575
20140305,IF,20140305,2216.51721794316,713113
20140306,IF,20140306,2242.72726380272,961802
20140307,IF,20140307,2224.18091686968,767114
20140310,IF,20140310,2179.84661388841,756301
20140311,IF,20140311,2196.83899684757,845043
20140312,IF,20140312,2223.05522146506,904175
20140313,IF,20140313,2280.82249706993,875824
20140314,IF,20140314,2279.04482047432,640483
20140317,IF,20140317,2475.96708853849,771953
20140318,IF,20140318,2572.74629699111,648361
20140319,IF,20140319,2849.07116059548,821199
20140320,IF,20140320,3690.38700190542,943972
20140321,IF,20140321,4188.48724662729,1161642
20140324,IF,20140324,2260.11030187123,740361
20140325,IF,20140325,2231.0181590697,749090
20140326,IF,20140326,2227.18589976322,657906
20140327,IF,20140327,2259.74781968058,959511
20140328,IF,20140328,2248.7485979908,881889
20140331,IF,20140331,2255.49578655016,726682
20140401,IF,20140401,2253.64876912195,785394
20140402,IF,20140402,2256.44435639395,710749
20140403,IF,20140403,2260.09811903014,730717
20140404,IF,20140404,2280.61452979822,735356
20140408,IF,20140408,2400.06525062027,898193
20140409,IF,20140409,2383.08742567791,601334
20140410,IF,20140410,2466.29343518927,940106
20140411,IF,20140411,2454.284670076,697134
20140414,IF,20140414,2459.0775857078,573361
20140415,IF,20140415,2519.6164410952,727732
20140416,IF,20140416,2723.80748380463,814095
20140417,IF,20140417,3597.14696517604,757530
20140418,IF,20140418,4268.39596359587,854166
20140421,IF,20140421,2331.92548614449,788000
20140422,IF,20140422,2302.62242418585,768364
20140423,IF,20140423,2288.44583636803,660317
20140424,IF,20140424,2300.78617832083,728544
20140425,IF,20140425,2291.50061673681,797373
20140428,IF,20140428,2278.46594360635,676978
20140429,IF,20140429,2265.97937203895,591270
20140430,IF,20140430,2237.38463312501,445279
20140505,IF,20140505,2290.88824989839,690990
20140506,IF,20140506,2270.35648451108,680632
20140507,IF,20140507,2260.50351506492,617160
20140508,IF,20140508,2306.28781678842,848449
20140509,IF,20140509,2305.24881395352,734996
20140512,IF,20140512,2477.24745244988,888412
20140513,IF,20140513,2525.20101416336,538406
20140514,IF,20140514,2922.43784636076,663543
20140515,IF,20140515,3677.55195333907,599189
20140516,IF,20140516,4008.02735808376,658094
20140519,IF,20140519,2164.93484951351,688278
20140520,IF,20140520,2136.94133766572,565875
20140521,IF,20140521,2179.83260642556,812098
20140522,IF,20140522,2190.34019983787,827612
20140523,IF,20140523,2190.59901821887,750339
20140526,IF,20140526,2213.40252199103,625780
20140527,IF,20140527,2204.75143030673,606841
20140528,IF,20140528,2239.35305250887,860556
20140529,IF,20140529,2235.67692457322,594193
20140530,IF,20140530,2238.86193204288,687818
20140603,IF,20140603,2230.15177384679,542743
20140604,IF,20140604,2204.87161477936,592106
20140605,IF,20140605,2232.17390174604,655314
20140606,IF,20140606,2245.77045021667,753940
20140609,IF,20140609,2253.30744677411,851109
20140610,IF,20140610,2317.90287819454,936416
20140611,IF,20140611,2310.66544884246,645499
20140612,IF,20140612,2285.77846674595,533161
20140613,IF,20140613,2425.1081869358,908882
20140616,IF,20140616,2554.07547266549,652989
20140617,IF,20140617,2609.9446134251,537838
20140618,IF,20140618,3101.86416833683,554825
20140619,IF,20140619,3821.76349432291,699153
20140620,IF,20140620,4035.10721450865,624829
20140623,IF,20140623,2207.2626371999,617860
20140624,IF,20140624,2198.02616223134,592677
20140625,IF,20140625,2193.6765006083,572754
20140626,IF,20140626,2209.34184810934,649664
20140627,IF,20140627,2222.93698180324,612542
20140630,IF,20140630,2246.20004514155,630336
20140701,IF,20140701,2225.6011848965,544085
20140702,IF,20140702,2238.62613715748,648794
20140703,IF,20140703,2253.75985410548,681084
20140704,IF,20140704,2232.51511423143,487074
20140707,IF,20140707,2258.74755695967,506669
20140708,IF,20140708,2261.23979426162,566224
20140709,IF,20140709,2263.75029806029,605910
20140710,IF,20140710,2232.71444979098,407064
20140711,IF,20140711,2278.85097680226,595060
20140714,IF,20140714,2393.70094317541,599861
20140715,IF,20140715,2436.96583042835,485925
20140716,IF,20140716,2620.76444461151,559246
20140717,IF,20140717,3367.41206304201,602348
20140718,IF,20140718,4103.70172584891,738421
20140721,IF,20140721,2249.35249959295,470894
20140722,IF,20140722,2330.5650094228,722314
20140723,IF,20140723,2324.4929442429,658445
20140724,IF,20140724,2415.86252320189,946945
20140725,IF,20140725,2426.53027851794,660120
20140728,IF,20140728,2549.28328895774,990968
20140729,IF,20140729,2500.56449101831,748813
20140730,IF,20140730,2486.89666967789,774154
20140731,IF,20140731,2525.69548610897,846249
20140801,IF,20140801,2569.58989284046,1036118
20140804,IF,20140804,2589.5281338639,996064
20140805,IF,20140805,2566.39940983786,914210
20140806,IF,20140806,2593.53499275382,966081
20140807,IF,20140807,2584.61932780261,959335
20140808,IF,20140808,2597.82580204075,795926
20140811,IF,20140811,2698.95248219594,856117
20140812,IF,20140812,2785.98442548347,736073
20140813,IF,20140813,3332.34526334012,952077
20140814,IF,20140814,4037.42096787535,923789
20140815,IF,20140815,4489.19938501386,911674
20140818,IF,20140818,2422.98891208948,725463
20140819,IF,20140819,2409.88591005269,720446
20140820,IF,20140820,2408.44860971264,688781
20140821,IF,20140821,2413.69131338179,712617
20140822,IF,20140822,2422.46762645885,717768
20140825,IF,20140825,2412.54355216039,703685
20140826,IF,20140826,2396.37135460176,751962
20140827,IF,20140827,2371.4988013128,534797
20140828,IF,20140828,2376.84499880132,653731
20140829,IF,20140829,2384.80771689562,604425
20140901,IF,20140901,2397.61147194157,573963
20140902,IF,20140902,2472.28587093485,841435
20140903,IF,20140903,2518.44084561659,861154
20140904,IF,20140904,2544.75428844752,817189
20140905,IF,20140905,2603.1038187544,923025
20140909,IF,20140909,2593.87276412124,650801
20140910,IF,20140910,2580.07680983639,712701
20140911,IF,20140911,2637.847285163,1153425
20140912,IF,20140912,2643.4767714887,859471
20140915,IF,20140915,2764.94480685587,759875
20140916,IF,20140916,2942.83622017656,1156091
20140917,IF,20140917,3277.47440909642,839768
20140918,IF,20140918,4173.90973416949,927720
20140919,IF,20140919,4624.02815991968,961937
20140922,IF,20140922,2499.98499705613,865489
20140923,IF,20140923,2511.15887608406,796344
20140924,IF,20140924,2585.12163872357,1095229
20140925,IF,20140925,2590.46488729817,1041047
20140926,IF,20140926,2582.71436699961,890089
20140929,IF,20140929,2552.17445978711,646520
20140930,IF,20140930,2542.52684808203,594468
20141008,IF,20141008,2623.63219441648,736785
20141009,IF,20141009,2653.15977896283,702168
20141010,IF,20141010,2622.42590327579,772947
20141013,IF,20141013,2703.5016312031,810049
20141014,IF,20141014,2780.33057178992,845913
20141015,IF,20141015,3078.00327717083,1023140
20141016,IF,20141016,4050.92046519068,1199645
20141017,IF,20141017,4704.05791987174,1027551
20141020,IF,20141020,2566.28382911801,682608
20141021,IF,20141021,2545.84994330512,791870
20141022,IF,20141022,2539.58427894611,748913
20141023,IF,20141023,2527.78144969741,867759
20141024,IF,20141024,2513.24795212625,656563
20141027,IF,20141027,2499.81901819282,754631
20141028,IF,20141028,2539.06720950214,785989
20141029,IF,20141029,2634.87305261649,953511
20141030,IF,20141030,2602.46039123338,904396
20141031,IF,20141031,2707.62053429493,1211598
20141103,IF,20141103,2669.80653491985,731421
20141104,IF,20141104,2633.16444731596,675448
20141105,IF,20141105,2681.4240244968,811618
20141106,IF,20141106,2681.44448856056,900900
20141107,IF,20141107,2742.31749109849,1317110
20141110,IF,20141110,2834.55802462262,1222513
20141111,IF,20141111,2882.79044397894,1540582
20141112,IF,20141112,2910.09976689273,1122691
20141113,IF,20141113,2962.04871858553,1210059
20141114,IF,20141114,2981.45465754309,1048237
20141117,IF,20141117,3192.61777180136,1329870
20141118,IF,20141118,3304.82477211484,977317
20141119,IF,20141119,3899.02624876727,867854
20141120,IF,20141120,4566.48036024537,948654
20141121,IF,20141121,4940.88807454542,1179710
20141124,IF,20141124,2770.74048580971,1371888
20141125,IF,20141125,2816.94882682516,1075368
20141126,IF,20141126,2848.49086847263,1307171
20141127,IF,20141127,2866.48838801874,1184754
20141128,IF,20141128,2922.95038531024,1299202
20141201,IF,20141201,2951.28895488501,1214035
20141202,IF,20141202,3120.36478491163,1968113
20141203,IF,20141203,3205.86439875178,2303389
20141204,IF,20141204,3443.51239415315,2159674
20141205,IF,20141205,3454.09567940065,2413050
20141208,IF,20141208,3665.28405507242,2049584
20141209,IF,20141209,3616.84889400013,2930128
20141210,IF,20141210,3747.83898872417,2501205
20141211,IF,20141211,3739.73102097488,2041015
20141212,IF,20141212,3801.3364640467,1758553
20141215,IF,20141215,3990.94418178243,1404741
20141216,IF,20141216,4390.66416676747,1886856
20141217,IF,20141217,5454.20225089852,2230010
20141218,IF,20141218,6544.42285221942,1802071
20141219,IF,20141219,6840.26057757382,1784296
20141222,IF,20141222,3770.25154434571,1810607
20141223,IF,20141223,3725.1210218336,1792205
20141224,IF,20141224,3605.31581431155,1997078
20141225,IF,20141225,3648.83489144536,1940099
20141226,IF,20141226,3819.70094751774,2000158
20141229,IF,20141229,3871.55246837302,1932218
20141230,IF,20141230,3842.56904810516,2044955
20141231,IF,20141231,3966.50324191966,1526454
20150105,IF,20150105,4195.31489336899,1500643
20150106,IF,20150106,4106.27056053994,1737699
20150107,IF,20150107,4087.42947400679,1475006
20150108,IF,20150108,4069.34834356606,1807466
20150109,IF,20150109,4183.92218200482,2038525
20150112,IF,20150112,4165.75402067972,1539983
20150113,IF,20150113,4161.10960395876,1349288
20150114,IF,20150114,4438.61205800124,1382198
20150115,IF,20150115,5880.75363737158,1766348
20150116,IF,20150116,7288.37008104952,1511496
20150119,IF,20150119,3914.5524711006,1297466
20150120,IF,20150120,3927.03348627117,2048219
20150121,IF,20150121,4063.5317761932,1710330
20150122,IF,20150122,4010.45810596784,1368861
20150123,IF,20150123,4026.36962145966,1665037
20150126,IF,20150126,4021.12237333756,1210104
20150127,IF,20150127,4020.81302483299,1515865
20150128,IF,20150128,3941.54870540695,1555853
20150129,IF,20150129,3901.54595276125,1407556
20150130,IF,20150130,3905.9663143668,1589453
20150202,IF,20150202,3806.76625178782,1267068
20150203,IF,20150203,3872.38187034189,1406441
20150204,IF,20150204,3869.15286790653,1421554
20150206,IF,20150206,3770.82277429601,1533764
20150209,IF,20150209,3900.45135026905,1483136
20150210,IF,20150210,4023.99093349831,1545688
20150211,IF,20150211,4096.62152181762,1254080
20150212,IF,20150212,4288.87010034469,1083933
20150213,IF,20150213,4775.10887026085,1382845
20150216,IF,20150216,5703.5490477004,882121
20150217,IF,20150217,6335.50151660914,872386
20150225,IF,20150225,6668.41545781745,966332
20150226,IF,20150226,3798.83620613631,1138319
20150227,IF,20150227,3772.78478573383,1026427
20150302,IF,20150302,3850.66435540852,1246053
20150303,IF,20150303,3778.01875436109,1230649
20150304,IF,20150304,3777.80715071158,1278654
20150305,IF,20150305,3739.52660780429,1290957
20150306,IF,20150306,3684.24446877906,1091742
20150309,IF,20150309,3839.89050478177,1326117
20150310,IF,20150310,3740.45929403268,1139937
20150311,IF,20150311,3811.57959566995,1348611
20150312,IF,20150312,3926.28274309371,1456315
20150313,IF,20150313,3931.54296298778,1290899
20150316,IF,20150316,4236.65013263739,1251775
20150317,IF,20150317,4555.64731687013,1403667
20150318,IF,20150318,5233.32318319454,1511280
20150319,IF,20150319,6625.87201678649,1270864
20150320,IF,20150320,7656.92424742243,1768389
20150323,IF,20150323,4290.71959895178,1428039
20150324,IF,20150324,4293.50865488622,1522604
20150325,IF,20150325,4295.29366996026,1421698
20150326,IF,20150326,4331.74978866833,1795203
20150327,IF,20150327,4279.41549533999,1423153
20150330,IF,20150330,4493.9730518901,1422053
20150331,IF,20150331,4524.28916373449,1818532
20150401,IF,20150401,4524.88813891124,1739401
20150402,IF,20150402,4477.8751210802,1703369
20150403,IF,20150403,4591.34063628897,1814089
20150407,IF,20150407,4663.62441474827,1394231
20150408,IF,20150408,4730.94153048955,1739388
20150409,IF,20150409,4777.05780295127,1836113
20150410,IF,20150410,4918.59542860636,1699942
20150413,IF,20150413,5171.46341395365,1489756
20150414,IF,20150414,5284.47420147272,1740283
20150415,IF,20150415,5639.31228324805,1942904
20150416,IF,20150416,7459.2982518716,1924575
20150417,IF,20150417,9201.51276290015,1779283
20150420,IF,20150420,5124.28682532098,1894990
20150421,IF,20150421,5159.13935856278,1641559
20150422,IF,20150422,5279.31819954573,1441626
20150423,IF,20150423,5258.99649247952,1653711
20150424,IF,20150424,5254.45716673245,1614501
20150427,IF,20150427,5363.18659216584,1522447
20150428,IF,20150428,5231.56036990893,1640807
20150429,IF,20150429,5310.98718300837,1374165
20150430,IF,20150430,5251.95317777912,1365274
20150504,IF,20150504,5251.86577054131,1152000
20150505,IF,20150505,5167.64481532723,1457077
20150506,IF,20150506,5216.68777083153,1724773
20150507,IF,20150507,5146.69268316326,1659278
20150508,IF,20150508,5175.64267553596,1709350
20150511,IF,20150511,5424.95278807198,1533741
20150512,IF,20150512,5637.98378070631,1474091
20150513,IF,20150513,6109.02761544744,1393969
20150514,IF,20150514,7880.98151235819,1412108
20150515,IF,20150515,8834.24909410318,1721536
20150518,IF,20150518,4701.53078688318,1295206
20150519,IF,20150519,4939.02359791338,1591072
20150520,IF,20150520,5014.13395599435,1631623
20150521,IF,20150521,5044.63880980272,1598112
20150522,IF,20150522,5163.4791456147,1582585
20150525,IF,20150525,5363.42119225776,1376943
20150526,IF,20150526,5486.93823681997,1632641
20150527,IF,20150527,5554.42382925865,1686566
20150528,IF,20150528,5244.34057782001,1960123
20150529,IF,20150529,5162.24541736249,1998421
20150601,IF,20150601,5475.11344194714,1580581
20150602,IF,20150602,5560.79073473482,1793934
20150603,IF,20150603,5495.96124334684,1980879
20150604,IF,20150604,5534.94913504268,2168640
20150605,IF,20150605,5620.73125270096,2058218
20150608,IF,20150608,5760.40291399961,1804105
20150609,IF,20150609,5586.93107680367,1791588
20150610,IF,20150610,5679.52124735037,1780145
20150611,IF,20150611,5687.06764696866,1555978
20150612,IF,20150612,5835.06982398247,1518095
20150615,IF,20150615,5892.08437229602,1689438
20150616,IF,20150616,5878.61467626401,1938191
20150617,IF,20150617,6382.70519669905,1909641
20150618,IF,20150618,8173.98531337592,1849939
20150619,IF,20150619,9181.00641495545,2283013
20150623,IF,20150623,5069.1189115512,2207919
20150624,IF,20150624,5112.2327608262,1926895
20150625,IF,20150625,4961.10593752106,2209492
20150626,IF,20150626,4576.61384980153,2355785
20150629,IF,20150629,4426.79950728213,3185557
20150630,IF,20150630,4705.65672756922,2512956
20150701,IF,20150701,4497.28208276161,2435322
20150702,IF,20150702,4327.99719670917,2791987
20150703,IF,20150703,4241.6296642959,2631323
20150706,IF,20150706,4289.23461927112,2176664
20150707,IF,20150707,4055.79111630423,1622458
20150708,IF,20150708,3616.75462082106,448649
20150709,IF,20150709,4198.04218856621,706522
20150710,IF,20150710,4487.92015394212,1254467
20150713,IF,20150713,4475.99418506188,1841169
20150714,IF,20150714,4409.3408733824,1854653
20150715,IF,20150715,4383.03822159535,1943492
20150716,IF,20150716,6337.28943594274,2465940
20150717,IF,20150717,8069.62856052966,2217278
20150720,IF,20150720,4162.96470457424,2035183
20150721,IF,20150721,4147.80447100152,2206775
20150722,IF,20150722,4101.95172868027,1769380
20150723,IF,20150723,4372.79378554447,1894038
20150724,IF,20150724,4264.29575338862,2014626
20150727,IF,20150727,3926.69277143915,1814080
20150728,IF,20150728,3847.24266018382,2348390
20150729,IF,20150729,3920.49742841082,2178765
20150730,IF,20150730,3824.95148164189,2356133
20150731,IF,20150731,3833.37403271566,2039295
20150803,IF,20150803,3755.77821896469,1358406
20150804,IF,20150804,3991.80697360024,1626132
20150805,IF,20150805,3920.18889623332,1561653
20150806,IF,20150806,3917.54787903806,1997252
20150807,IF,20150807,4051.93983034736,2083566
20150810,IF,20150810,4297.22262046302,1882454
20150811,IF,20150811,4234.46187771125,1898543
20150812,IF,20150812,4191.47681903292,2121004
20150813,IF,20150813,4269.58914020908,1902632
20150814,IF,20150814,4262.23186924008,1969916
20150817,IF,20150817,4297.6146031925,1824052
20150818,IF,20150818,4179.0138913061,2349411
20150819,IF,20150819,4765.70406832101,2524743
20150820,IF,20150820,6252.928576882,2287290
20150821,IF,20150821,6833.72941020752,2505858
20150824,IF,20150824,3161.6444485193,1400381
20150825,IF,20150825,2874.32125895233,2476366
20150826,IF,20150826,2884.4919581575,1869386
20150827,IF,20150827,3012.20768956512,1815890
20150828,IF,20150828,3169.39486863298,1340096
20150831,IF,20150831,3091.16528105461,578180
20150901,IF,20150901,3029.23006231702,598142
20150902,IF,20150902,3070.90002065043,616367
20150907,IF,20150907,2656.86496727853,43015
20150908,IF,20150908,2645.56352360049,34085
20150909,IF,20150909,2512.3266202607,27899
20150910,IF,20150910,2092.86696637401,19160
20150911,IF,20150911,2204.25539361892,20147
20150914,IF,20150914,2662.95374220249,28817
20150915,IF,20150915,2626.25713285152,25393
20150916,IF,20150916,3093.84053669208,29497
20150917,IF,20150917,3292.1975782932,27148
20150918,IF,20150918,3143.19077594499,22610
20150921,IF,20150921,1980.9225453944,19003
20150922,IF,20150922,1906.66640533624,17624
20150923,IF,20150923,1816.71999119696,16671
20150924,IF,20150924,1733.35088593081,15491
20150925,IF,20150925,1831.16731009588,17284
20150928,IF,20150928,1684.61801978472,14813
20150929,IF,20150929,1671.75898803288,14902
20150930,IF,20150930,1568.32022118001,13472
20151008,IF,20151008,1882.95783749011,16216
20151009,IF,20151009,2054.75820662345,17852
20151012,IF,20151012,2563.99063355046,22712
20151013,IF,20151013,2201.14061875016,16808
20151014,IF,20151014,2403.21324201182,18873
20151015,IF,20151015,3006.4252772771,22708
20151016,IF,20151016,3458.3405357597,25181
20151019,IF,20151019,2058.88623715235,17182
20151020,IF,20151020,1988.91388428278,16479
20151021,IF,20151021,2177.05638152093,19916
20151022,IF,20151022,2103.1364232667,18883
20151023,IF,20151023,2048.10439527902,17572
20151026,IF,20151026,1885.91160919534,15807
20151027,IF,20151027,2035.0657968796,17824
20151028,IF,20151028,1933.86238018087,16715
20151029,IF,20151029,1955.60311433383,16644
20151030,IF,20151030,2006.14873586636,17465
20151102,IF,20151102,1991.21020305779,17209
20151103,IF,20151103,1873.09140862336,15768
20151104,IF,20151104,2500.59129286776,22763
20151105,IF,20151105,2509.30001193049,22908
20151106,IF,20151106,2304.58487502653,19592
20151109,IF,20151109,2269.08912121363,18739
20151110,IF,20151110,2045.31364012824,16177
20151111,IF,20151111,2102.81527586537,16601
20151112,IF,20151112,2242.62952248401,18038
20151113,IF,20151113,2221.21838554113,17638
20151116,IF,20151116,2425.52927447281,18979
20151117,IF,20151117,2859.10217787891,22975
20151118,IF,20151118,2793.44122564736,19954
20151119,IF,20151119,3127.59763453105,21871
20151120,IF,20151120,3109.09051748411,20693
20151123,IF,20151123,1711.95412051951,15532
20151124,IF,20151124,1844.55614784013,17480
20151125,IF,20151125,1738.23843913992,15799
20151126,IF,20151126,1761.25579104383,16083
20151127,IF,20151127,2050.79621208588,20547
20151130,IF,20151130,2039.82520490674,19933
20151201,IF,20151201,1874.09048354388,17338
20151202,IF,20151202,2267.5487028402,23382
20151203,IF,20151203,1887.00923062115,16808
20151204,IF,20151204,1930.59197182811,17287
20151207,IF,20151207,1819.64925829632,15650
20151208,IF,20151208,1928.22336029651,17338
20151209,IF,20151209,1954.54509906028,17025
20151210,IF,20151210,2185.9454896139,19673
20151211,IF,20151211,2175.77717200682,19004
20151214,IF,20151214,2713.86655532035,24994
20151215,IF,20151215,2528.59913808432,20625
20151216,IF,20151216,2639.91663124111,20149
20151217,IF,20151217,3320.23716356662,25980
20151218,IF,20151218,3267.23994674102,22331
20151221,IF,20151221,1881.64500103832,16523
20151222,IF,20151222,1748.72904514461,14826
20151223,IF,20151223,1909.40185632804,16956
20151224,IF,20151224,1858.4933318604,16568
20151225,IF,20151225,1598.16257934113,13482
20151228,IF,20151228,1872.76843281245,16854
20151229,IF,20151229,1754.6786210344,15483
20151230,IF,20151230,1654.70382297154,14451
20151231,IF,20151231,1798.27685895627,15626
20160104,IF,20160104,1733.42592129055,14518
20160105,IF,20160105,2214.97262297122,21686
20160106,IF,20160106,2089.36031068686,19633
20160107,IF,20160107,669.253822325691,5583
20160108,IF,20160108,2326.22185192955,23210
20160111,IF,20160111,2449.6808284929,25620
20160112,IF,20160112,2581.18194894178,25493
20160113,IF,20160113,2796.45798281755,27741
20160114,IF,20160114,3220.61967168273,31026
20160115,IF,20160115,3374.99120249845,27674
20160118,IF,20160118,2109.85449135259,21960
20160119,IF,20160119,2160.2476062853,21939
20160120,IF,20160120,2097.98810949587,21157
20160121,IF,20160121,2189.06692268841,23509
20160122,IF,20160122,2159.46120657429,22430
20160125,IF,20160125,1906.54736007822,17558
20160126,IF,20160126,2130.76596334969,22510
20160127,IF,20160127,2276.4134762149,26601
20160128,IF,20160128,2049.18487265869,21384
20160129,IF,20160129,2185.11493716483,24113
20160201,IF,20160201,2054.1574034679,20847
20160202,IF,20160202,2125.70031678539,21885
20160203,IF,20160203,2110.60705572622,20958
20160204,IF,20160204,2307.24858021451,22843
20160205,IF,20160205,1897.90451300763,16046
20160215,IF,20160215,2270.65268705805,20471
20160216,IF,20160216,2602.75727804456,23968
20160217,IF,20160217,2713.65926508443,23209
20160218,IF,20160218,3016.00493771386,24233
20160219,IF,20160219,3043.41320371208,23371
20160222,IF,20160222,1898.21189635922,19800
20160223,IF,20160223,1873.32145318362,19592
20160224,IF,20160224,2011.27587524877,22254
20160225,IF,20160225,2104.47390089298,26306
20160226,IF,20160226,1962.5282800214,22526
20160229,IF,20160229,2036.52854792934,25112
20160301,IF,20160301,2078.84495067151,25620
20160302,IF,20160302,2216.62285207514,27255
20160303,IF,20160303,2072.60240288724,22882
20160304,IF,20160304,2280.56695910288,26819
20160307,IF,20160307,2331.56576836073,25718
20160308,IF,20160308,2295.04028371727,26493
20160309,IF,20160309,2140.42736959442,22754
20160310,IF,20160310,2167.0243780595,22889
20160311,IF,20160311,2357.32341055917,25082
20160314,IF,20160314,2629.10555200905,29292
20160315,IF,20160315,2686.97661435244,27797
20160316,IF,20160316,2942.60091452395,29609
20160317,IF,20160317,3455.21615335895,34044
20160318,IF,20160318,3671.95508256955,31700
20160321,IF,20160321,2256.10181439935,24109
20160322,IF,20160322,1927.53657521314,18683
20160323,IF,20160323,1931.30371799379,19222
20160324,IF,20160324,2022.91744264459,21199
20160325,IF,20160325,1765.84059510596,16691
20160328,IF,20160328,2045.98722089354,20815
20160329,IF,20160329,2025.20636972278,20975
20160330,IF,20160330,2144.56793079511,22701
20160331,IF,20160331,1973.78892506229,20063
20160401,IF,20160401,2132.49304740549,22524
20160405,IF,20160405,2166.01181141125,22545
20160406,IF,20160406,1915.05595459526,17119
20160407,IF,20160407,2190.28670044367,21868
20160408,IF,20160408,2178.92793411775,21804
20160411,IF,20160411,2671.60843601724,27339
20160412,IF,20160412,2655.23640516293,25624
20160413,IF,20160413,3245.56450378682,33606
20160414,IF,20160414,3261.33720554065,27977
20160415,IF,20160415,3207.17538223769,24220
20160418,IF,20160418,1955.36800956638,18269
20160419,IF,20160419,1822.21001103159,17078
20160420,IF,20160420,2238.07038609675,25314
20160421,IF,20160421,2107.57386922233,21715
20160422,IF,20160422,1834.00141286099,17296
20160425,IF,20160425,1849.96991336172,17475
20160426,IF,20160426,1845.55975000566,17698
20160427,IF,20160427,1742.18864339861,15941
20160428,IF,20160428,1796.40087795587,17038
20160429,IF,20160429,1633.03134917009,14734
20160503,IF,20160503,2050.06916351402,19925
20160504,IF,20160504,1699.89088197466,14926
